Rg==,RQ==
Rg==,RA==
Rg==,Qw==
Rg==,Qg==
Rg==,QQ==
Rg==,QA==
Rg==,Tw==
Rg==,Tg==
Rg==,TQ==
Rg==,TA==
Rg==,Sw==
Rg==,Sg==
Rg==,SQ==
Rg==,SA==
Rg==,Vw==
Rg==,Vg==
Rg==,VQ==
Rg==,VA==
Rg==,Uw==
Rg==,Ug==
Rg==,UQ==
Rg==,UA==
Rg==,Xw==
Rg==,Xg==
Rg==,XQ==
Rg==,XA==
Rg==,Ww==
RQ==,RA==
RQ==,Qw==
RQ==,Qg==
RQ==,QQ==
RQ==,QA==
RQ==,Tw==
RQ==,Tg==
RQ==,TQ==
RQ==,TA==
RQ==,Sw==
RQ==,Sg==
RQ==,SQ==
RQ==,SA==
RQ==,Vw==
RQ==,Vg==
RQ==,VQ==
RQ==,VA==
RQ==,Uw==
RQ==,Ug==
RQ==,UQ==
RQ==,UA==
RQ==,Xw==
RQ==,Xg==
RQ==,XQ==
RQ==,XA==
RQ==,Ww==
RA==,Qw==
RA==,Qg==
RA==,QQ==
RA==,QA==
RA==,Tw==
RA==,Tg==
RA==,TQ==
RA==,TA==
RA==,Sw==
RA==,Sg==
RA==,SQ==
RA==,SA==
RA==,Vw==
RA==,Vg==
RA==,VQ==
RA==,VA==
RA==,Uw==
RA==,Ug==
RA==,UQ==
RA==,UA==
RA==,Xw==
RA==,Xg==
RA==,XQ==
RA==,XA==
RA==,Ww==
Qw==,Qg==
Qw==,QQ==
Qw==,QA==
Qw==,Tw==
Qw==,Tg==
Qw==,TQ==
Qw==,TA==
Qw==,Sw==
Qw==,Sg==
Qw==,SQ==
Qw==,SA==
Qw==,Vw==
Qw==,Vg==
Qw==,VQ==
Qw==,VA==
Qw==,Uw==
Qw==,Ug==
Qw==,UQ==
Qw==,UA==
Qw==,Xw==
Qw==,Xg==
Qw==,XQ==
Qw==,XA==
Qw==,Ww==
Qg==,QQ==
Qg==,QA==
Qg==,Tw==
Qg==,Tg==
Qg==,TQ==
Qg==,TA==
Qg==,Sw==
Qg==,Sg==
Qg==,SQ==
Qg==,SA==
Qg==,Vw==
Qg==,Vg==
Qg==,VQ==
Qg==,VA==
Qg==,Uw==
Qg==,Ug==
Qg==,UQ==
Qg==,UA==
Qg==,Xw==
Qg==,Xg==
Qg==,XQ==
Qg==,XA==
Qg==,Ww==
QQ==,QA==
QQ==,Tw==
QQ==,Tg==
QQ==,TQ==
QQ==,TA==
QQ==,Sw==
QQ==,Sg==
QQ==,SQ==
QQ==,SA==
QQ==,Vw==
QQ==,Vg==
QQ==,VQ==
QQ==,VA==
QQ==,Uw==
QQ==,Ug==
QQ==,UQ==
QQ==,UA==
QQ==,Xw==
QQ==,Xg==
QQ==,XQ==
QQ==,XA==
QQ==,Ww==
QA==,Tw==
QA==,Tg==
QA==,TQ==
QA==,TA==
QA==,Sw==
QA==,Sg==
QA==,SQ==
QA==,SA==
QA==,Vw==
QA==,Vg==
QA==,VQ==
QA==,VA==
QA==,Uw==
QA==,Ug==
QA==,UQ==
QA==,UA==
QA==,Xw==
QA==,Xg==
QA==,XQ==
QA==,XA==
QA==,Ww==
Tw==,Tg==
Tw==,TQ==
Tw==,TA==
Tw==,Sw==
Tw==,Sg==
Tw==,SQ==
Tw==,SA==
Tw==,Vw==
Tw==,Vg==
Tw==,VQ==
Tw==,VA==
Tw==,Uw==
Tw==,Ug==
Tw==,UQ==
Tw==,UA==
Tw==,Xw==
Tw==,Xg==
Tw==,XQ==
Tw==,XA==
Tw==,Ww==
Tg==,TQ==
Tg==,TA==
Tg==,Sw==
Tg==,Sg==
Tg==,SQ==
Tg==,SA==
Tg==,Vw==
Tg==,Vg==
Tg==,VQ==
Tg==,VA==
Tg==,Uw==
Tg==,Ug==
Tg==,UQ==
Tg==,UA==
Tg==,Xw==
Tg==,Xg==
Tg==,XQ==
Tg==,XA==
Tg==,Ww==
TQ==,TA==
TQ==,Sw==
TQ==,Sg==
TQ==,SQ==
TQ==,SA==
TQ==,Vw==
TQ==,Vg==
TQ==,VQ==
TQ==,VA==
TQ==,Uw==
TQ==,Ug==
TQ==,UQ==
TQ==,UA==
TQ==,Xw==
TQ==,Xg==
TQ==,XQ==
TQ==,XA==
TQ==,Ww==
TA==,Sw==
TA==,Sg==
TA==,SQ==
TA==,SA==
TA==,Vw==
TA==,Vg==
TA==,VQ==
TA==,VA==
TA==,Uw==
TA==,Ug==
TA==,UQ==
TA==,UA==
TA==,Xw==
TA==,Xg==
TA==,XQ==
TA==,XA==
TA==,Ww==
Sw==,Sg==
Sw==,SQ==
Sw==,SA==
Sw==,Vw==
Sw==,Vg==
Sw==,VQ==
Sw==,VA==
Sw==,Uw==
Sw==,Ug==
Sw==,UQ==
Sw==,UA==
Sw==,Xw==
Sw==,Xg==
Sw==,XQ==
Sw==,XA==
Sw==,Ww==
Sg==,SQ==
Sg==,SA==
Sg==,Vw==
Sg==,Vg==
Sg==,VQ==
Sg==,VA==
Sg==,Uw==
Sg==,Ug==
Sg==,UQ==
Sg==,UA==
Sg==,Xw==
Sg==,Xg==
Sg==,XQ==
Sg==,XA==
Sg==,Ww==
SQ==,SA==
SQ==,Vw==
SQ==,Vg==
SQ==,VQ==
SQ==,VA==
SQ==,Uw==
SQ==,Ug==
SQ==,UQ==
SQ==,UA==
SQ==,Xw==
SQ==,Xg==
SQ==,XQ==
SQ==,XA==
SQ==,Ww==
SA==,Vw==
SA==,Vg==
SA==,VQ==
SA==,VA==
SA==,Uw==
SA==,Ug==
SA==,UQ==
SA==,UA==
SA==,Xw==
SA==,Xg==
SA==,XQ==
SA==,XA==
SA==,Ww==
Vw==,Vg==
Vw==,VQ==
Vw==,VA==
Vw==,Uw==
Vw==,Ug==
Vw==,UQ==
Vw==,UA==
Vw==,Xw==
Vw==,Xg==
Vw==,XQ==
Vw==,XA==
Vw==,Ww==
Vg==,VQ==
Vg==,VA==
Vg==,Uw==
Vg==,Ug==
Vg==,UQ==
Vg==,UA==
Vg==,Xw==
Vg==,Xg==
Vg==,XQ==
Vg==,XA==
Vg==,Ww==
VQ==,VA==
VQ==,Uw==
VQ==,Ug==
VQ==,UQ==
VQ==,UA==
VQ==,Xw==
VQ==,Xg==
VQ==,XQ==
VQ==,XA==
VQ==,Ww==
VA==,Uw==
VA==,Ug==
VA==,UQ==
VA==,UA==
VA==,Xw==
VA==,Xg==
VA==,XQ==
VA==,XA==
VA==,Ww==
Uw==,Ug==
Uw==,UQ==
Uw==,UA==
Uw==,Xw==
Uw==,Xg==
Uw==,XQ==
Uw==,XA==
Uw==,Ww==
Ug==,UQ==
Ug==,UA==
Ug==,Xw==
Ug==,Xg==
Ug==,XQ==
Ug==,XA==
Ug==,Ww==
UQ==,UA==
UQ==,Xw==
UQ==,Xg==
UQ==,XQ==
UQ==,XA==
UQ==,Ww==
UA==,Xw==
UA==,Xg==
UA==,XQ==
UA==,XA==
UA==,Ww==
Xw==,Xg==
Xw==,XQ==
Xw==,XA==
Xw==,Ww==
Xg==,XQ==
Xg==,XA==
Xg==,Ww==
XQ==,XA==
XQ==,Ww==
XA==,Ww==
