Rg==,RQ==,RA==,QA==,Tw==
Rg==,RQ==,RA==,QA==,TA==
Rg==,RQ==,Qw==,QQ==,Tg==
Rg==,RQ==,Qg==,Tw==,Sw==
Rg==,RQ==,Qg==,TQ==,TA==
Rg==,RA==,Qw==,TQ==,Sw==
Rg==,RA==,Qg==,QQ==,Tg==
Rg==,RA==,Qg==,Tg==,TA==
Rg==,Qw==,Qg==,QA==,TA==
Rg==,Qw==,QQ==,Tw==,TA==
Rg==,Qw==,Tw==,Tg==,TQ==
Rg==,QQ==,QA==,Tw==,TQ==
Rg==,QQ==,QA==,TA==,Sw==
Rg==,QA==,Tg==,TQ==,Sw==
Rg==,Tw==,TQ==,TA==,Sw==
RQ==,RA==,Qw==,Qg==,Tw==
RQ==,RA==,QQ==,Tw==,TA==
RQ==,RA==,QQ==,TQ==,Sw==
RQ==,RA==,Tg==,TQ==,Sw==
RQ==,Qw==,QA==,Tw==,Sw==
RQ==,Qw==,QA==,TQ==,TA==
RQ==,Qw==,Tg==,TA==,Sw==
RQ==,Qg==,QQ==,QA==,Tg==
RQ==,Tw==,Tg==,TQ==,TA==
RA==,Qw==,QQ==,QA==,Tg==
RA==,Qw==,Tw==,TQ==,TA==
RA==,Qg==,QA==,Tw==,TQ==
RA==,Qg==,QA==,TA==,Sw==
RA==,QQ==,Tw==,Tg==,Sw==
RA==,QQ==,Tg==,TQ==,TA==
Qw==,Qg==,QQ==,Tw==,TQ==
Qw==,Qg==,QQ==,TA==,Sw==
Qw==,Qg==,Tg==,TQ==,Sw==
Qg==,QQ==,QA==,TQ==,Sw==
Qg==,QA==,Tw==,Tg==,TA==
