Rg==,RQ==,RA==,Qg==,QQ==,Vw==
Rg==,RQ==,RA==,QQ==,VQ==,Uw==
Rg==,RQ==,RA==,Tw==,Vw==,Uw==
Rg==,RQ==,RA==,Tg==,Vw==,VQ==
Rg==,RQ==,Qw==,QA==,TQ==,SQ==
Rg==,RQ==,Qg==,QQ==,Tg==,VQ==
Rg==,RQ==,Qg==,Tw==,Tg==,Uw==
Rg==,RQ==,QQ==,Tw==,VQ==,Uw==
Rg==,RQ==,TA==,Sg==,Vg==,UQ==
Rg==,RQ==,Sw==,SA==,VA==,Ug==
Rg==,RA==,Qg==,Tw==,VQ==,Uw==
Rg==,RA==,Qg==,Tg==,Vw==,Uw==
Rg==,Qw==,Qg==,TA==,Sg==,SA==
Rg==,Qw==,TQ==,Vw==,VA==,UQ==
Rg==,Qw==,Sw==,Uw==,Ug==,UQ==
Rg==,Qw==,SQ==,Vg==,VQ==,Ug==
Rg==,Qg==,QQ==,Tw==,Vw==,Uw==
Rg==,Qg==,QA==,Sw==,SQ==,UQ==
Rg==,Qg==,Tw==,Tg==,Vw==,VQ==
Rg==,Qg==,TQ==,Vg==,VA==,Ug==
Rg==,QQ==,Tg==,Vw==,VQ==,Uw==
Rg==,QA==,TQ==,SA==,Vg==,Uw==
Rg==,QA==,TA==,Sg==,Vw==,Ug==
Rg==,QA==,SA==,VQ==,VA==,UQ==
Rg==,TQ==,TA==,Sw==,Sg==,VQ==
Rg==,TA==,Sg==,SQ==,VA==,Uw==
Rg==,Sw==,SQ==,SA==,Vw==,Vg==
RQ==,RA==,Qg==,Tw==,Vw==,VQ==
RQ==,RA==,Qg==,Tg==,VQ==,Uw==
RQ==,Qw==,Qg==,SA==,Vg==,UQ==
RQ==,Qw==,TQ==,Sg==,Uw==,Ug==
RQ==,Qw==,TA==,Sw==,SQ==,Vw==
RQ==,Qw==,TA==,VQ==,VA==,Ug==
RQ==,Qg==,QQ==,Tw==,Vw==,VQ==
RQ==,Qg==,QQ==,Tg==,Vw==,Uw==
RQ==,Qg==,QA==,TQ==,TA==,VA==
RQ==,Qg==,Sw==,Sg==,SQ==,Ug==
RQ==,QA==,TA==,Sw==,SA==,Uw==
RQ==,QA==,Sg==,SQ==,SA==,VQ==
RQ==,QA==,Vw==,Vg==,Ug==,UQ==
RQ==,Tw==,Tg==,Vw==,VQ==,Uw==
RQ==,TQ==,Sw==,Vg==,VQ==,UQ==
RQ==,TQ==,Sg==,SA==,Vw==,VA==
RQ==,SQ==,Vg==,VA==,Uw==,UQ==
RA==,Qw==,QQ==,QA==,Sg==,Vg==
RA==,Qw==,QQ==,Sw==,Sg==,VA==
RA==,Qw==,QA==,Tw==,Sw==,VA==
RA==,Qw==,QA==,Tg==,Sw==,Sg==
RA==,Qw==,Tw==,Sw==,Sg==,Vg==
RA==,Qw==,Tg==,Sg==,Vg==,VA==
RA==,Qg==,QQ==,Vw==,VQ==,Uw==
RA==,QQ==,QA==,Sw==,Vg==,VA==
RA==,QQ==,Tw==,Tg==,TQ==,TA==
RA==,QQ==,Tw==,Tg==,SQ==,SA==
RA==,QQ==,Tw==,Tg==,Ug==,UQ==
RA==,QQ==,Tw==,TQ==,SA==,Ug==
RA==,QQ==,Tg==,TA==,SA==,UQ==
RA==,QQ==,TQ==,SQ==,SA==,UQ==
RA==,QQ==,TA==,SQ==,SA==,Ug==
RA==,QA==,Tw==,Sg==,Vg==,VA==
RA==,QA==,Tg==,Sw==,Vg==,VA==
RA==,Tw==,Tg==,TA==,SQ==,Ug==
RA==,Tw==,TQ==,SQ==,Ug==,UQ==
RA==,Tw==,TA==,SA==,Ug==,UQ==
RA==,Tg==,TQ==,TA==,SQ==,UQ==
RA==,Tg==,TQ==,TA==,SA==,Ug==
Qw==,Qg==,QA==,SA==,Vw==,Ug==
Qw==,Qg==,TQ==,Sw==,SA==,VQ==
Qw==,Qg==,SQ==,SA==,VA==,Uw==
Qw==,QQ==,QA==,Tw==,Sw==,Vg==
Qw==,QQ==,QA==,Tw==,Sg==,VA==
Qw==,QQ==,QA==,Tg==,Sg==,Vg==
Qw==,QQ==,Tg==,Sw==,Vg==,VA==
Qw==,QA==,Tw==,Tg==,Vg==,VA==
Qw==,QA==,TA==,VQ==,Uw==,UQ==
Qw==,Tw==,Tg==,Sw==,Sg==,VA==
Qw==,TQ==,TA==,Vw==,Vg==,Uw==
Qw==,Sg==,SQ==,Vw==,VQ==,UQ==
Qg==,QA==,TQ==,Sg==,Uw==,UQ==
Qg==,QA==,TA==,SQ==,Vg==,VQ==
Qg==,TQ==,Sg==,SQ==,Vw==,Vg==
Qg==,TA==,Sw==,Vw==,VA==,UQ==
Qg==,TA==,Sw==,Vg==,Uw==,Ug==
Qg==,Sg==,VQ==,VA==,Ug==,UQ==
QQ==,QA==,Tg==,Sw==,Sg==,VA==
QQ==,Tw==,Tg==,TQ==,SQ==,UQ==
QQ==,Tw==,TQ==,TA==,SQ==,Ug==
QQ==,Tw==,TQ==,TA==,SA==,UQ==
QQ==,Tw==,Sw==,Sg==,Vg==,VA==
QQ==,Tg==,TQ==,SA==,Ug==,UQ==
QQ==,Tg==,TA==,SQ==,Ug==,UQ==
QA==,Tw==,Tg==,Sw==,Sg==,Vg==
QA==,TQ==,Sw==,Vw==,VQ==,Ug==
QA==,SQ==,Vw==,VA==,Uw==,Ug==
Tw==,Tg==,TQ==,SQ==,SA==,Ug==
Tw==,Tg==,TA==,SQ==,SA==,UQ==
TQ==,TA==,SQ==,SA==,Ug==,UQ==
TQ==,Sw==,SQ==,VQ==,VA==,Uw==
TA==,SA==,Vw==,Vg==,VQ==,VA==
Sw==,Sg==,SA==,Vw==,Uw==,UQ==
Sg==,SA==,Vg==,VQ==,Uw==,Ug==
