RQ==,RA==,Qg==,Tw==,TQ==
RA==,Qw==,QQ==,Tg==,TA==
Qw==,Qg==,QA==,TQ==,Sw==
Qg==,QQ==,Tw==,TA==,Sg==
QQ==,QA==,Tg==,Sw==,SQ==
QA==,Tw==,TQ==,Sg==,SA==
Tw==,Tg==,TA==,SQ==,Vw==
Tg==,TQ==,Sw==,SA==,Vg==
TQ==,TA==,Sg==,Vw==,VQ==
TA==,Sw==,SQ==,Vg==,VA==
Sw==,Sg==,SA==,VQ==,Uw==
Sg==,SQ==,Vw==,VA==,Ug==
SQ==,SA==,Vg==,Uw==,UQ==
Rg==,SA==,Vw==,VQ==,Ug==
RQ==,Vw==,Vg==,VA==,UQ==
Rg==,RA==,Vg==,VQ==,Uw==
RQ==,Qw==,VQ==,VA==,Ug==
RA==,Qg==,VA==,Uw==,UQ==
Rg==,Qw==,QQ==,Uw==,Ug==
RQ==,Qg==,QA==,Ug==,UQ==
Rg==,RA==,QQ==,Tw==,UQ==
Rg==,RQ==,Qw==,QA==,Tg==
RQ==,QA==,Tw==,TA==,Sw==
RA==,Tw==,Tg==,Sw==,Sg==
Qw==,Tg==,TQ==,Sg==,SQ==
Qg==,TQ==,TA==,SQ==,SA==
QQ==,TA==,Sw==,SA==,Vw==
QA==,Sw==,Sg==,Vw==,Vg==
Tw==,Sg==,SQ==,Vg==,VQ==
Tg==,SQ==,SA==,VQ==,VA==
TQ==,SA==,Vw==,VA==,Uw==
TA==,Vw==,Vg==,Uw==,Ug==
Sw==,Vg==,VQ==,Ug==,UQ==
Rg==,Sg==,VQ==,VA==,UQ==
Rg==,RQ==,SQ==,VA==,Uw==
RQ==,RA==,SA==,Uw==,Ug==
RA==,Qw==,Vw==,Ug==,UQ==
Rg==,Qw==,Qg==,Vg==,UQ==
Rg==,RQ==,Qg==,QQ==,VQ==
RQ==,RA==,QQ==,QA==,VA==
RA==,Qw==,QA==,Tw==,Uw==
Qw==,Qg==,Tw==,Tg==,Ug==
Qg==,QQ==,Tg==,TQ==,UQ==
Rg==,QQ==,QA==,TQ==,TA==
RQ==,QQ==,Tw==,Tg==,SA==
RA==,QA==,Tg==,TQ==,Vw==
Qw==,Tw==,TQ==,TA==,Vg==
Qg==,Tg==,TA==,Sw==,VQ==
QQ==,TQ==,Sw==,Sg==,VA==
QA==,TA==,Sg==,SQ==,Uw==
Tw==,Sw==,SQ==,SA==,Ug==
Tg==,Sg==,SA==,Vw==,UQ==
Rg==,TQ==,SQ==,Vw==,Vg==
RQ==,TA==,SA==,Vg==,VQ==
RA==,Sw==,Vw==,VQ==,VA==
Qw==,Sg==,Vg==,VA==,Uw==
Qg==,SQ==,VQ==,Uw==,Ug==
QQ==,SA==,VA==,Ug==,UQ==
Rg==,QA==,Vw==,Uw==,UQ==
Rg==,RQ==,Tw==,Vg==,Ug==
RQ==,RA==,Tg==,VQ==,UQ==
Rg==,RA==,Qw==,TQ==,VA==
RQ==,Qw==,Qg==,TA==,Uw==
RA==,Qg==,QQ==,Sw==,Ug==
Qw==,QQ==,QA==,Sg==,UQ==
Rg==,Qg==,QA==,Tw==,SQ==
RQ==,Qw==,QQ==,TQ==,Vw==
RA==,Qg==,QA==,TA==,Vg==
Qw==,QQ==,Tw==,Sw==,VQ==
Qg==,QA==,Tg==,Sg==,VA==
QQ==,Tw==,TQ==,SQ==,Uw==
QA==,Tg==,TA==,SA==,Ug==
Tw==,TQ==,Sw==,Vw==,UQ==
Rg==,Tg==,TA==,Sg==,Vg==
RQ==,TQ==,Sw==,SQ==,VQ==
RA==,TA==,Sg==,SA==,VA==
Qw==,Sw==,SQ==,Vw==,Uw==
Qg==,Sg==,SA==,Vg==,Ug==
QQ==,SQ==,Vw==,VQ==,UQ==
Rg==,QA==,SA==,Vg==,VA==
RQ==,Tw==,Vw==,VQ==,Uw==
RA==,Tg==,Vg==,VA==,Ug==
Qw==,TQ==,VQ==,Uw==,UQ==
Rg==,Qg==,TA==,VA==,Ug==
RQ==,QQ==,Sw==,Uw==,UQ==
Rg==,RA==,QA==,Sg==,Ug==
RQ==,Qw==,Tw==,SQ==,UQ==
Rg==,RA==,Qg==,Tg==,SA==
RQ==,QA==,SQ==,SA==,Vw==
RA==,Tw==,SA==,Vw==,Vg==
Qw==,Tg==,Vw==,Vg==,VQ==
Qg==,TQ==,Vg==,VQ==,VA==
QQ==,TA==,VQ==,VA==,Uw==
QA==,Sw==,VA==,Uw==,Ug==
Tw==,Sg==,Uw==,Ug==,UQ==
Rg==,Tg==,SQ==,Ug==,UQ==
Rg==,RQ==,TQ==,SA==,UQ==
Rg==,RQ==,RA==,TA==,Vw==
RQ==,RA==,Qw==,Sw==,Vg==
RA==,Qw==,Qg==,Sg==,VQ==
Qw==,Qg==,QQ==,SQ==,VA==
Qg==,QQ==,QA==,SA==,Uw==
QQ==,QA==,Tw==,Vw==,Ug==
QA==,Tw==,Tg==,Vg==,UQ==
Rg==,Tw==,Tg==,TQ==,VQ==
RQ==,Tg==,TQ==,TA==,VA==
RA==,TQ==,TA==,Sw==,Uw==
Qw==,TA==,Sw==,Sg==,Ug==
Qg==,Sw==,Sg==,SQ==,UQ==
Rg==,QQ==,Sg==,SQ==,SA==
RQ==,Qg==,Tg==,SQ==,Vg==
RA==,QQ==,TQ==,SA==,VQ==
Qw==,QA==,TA==,Vw==,VA==
Qg==,Tw==,Sw==,Vg==,Uw==
QQ==,Tg==,Sg==,VQ==,Ug==
QA==,TQ==,SQ==,VA==,UQ==
Rg==,Tw==,TA==,SA==,Uw==
RQ==,Tg==,Sw==,Vw==,Ug==
RA==,TQ==,Sg==,Vg==,UQ==
Rg==,Qw==,TA==,SQ==,VQ==
RQ==,Qg==,Sw==,SA==,VA==
RA==,QQ==,Sg==,Vw==,Uw==
Qw==,QA==,SQ==,Vg==,Ug==
Qg==,Tw==,SA==,VQ==,UQ==
Rg==,QQ==,Tg==,Vw==,VA==
RQ==,QA==,TQ==,Vg==,Uw==
RA==,Tw==,TA==,VQ==,Ug==
Qw==,Tg==,Sw==,VA==,UQ==
Rg==,Qg==,TQ==,Sg==,Uw==
RQ==,QQ==,TA==,SQ==,Ug==
RA==,QA==,Sw==,SA==,UQ==
Rg==,Qw==,Tw==,Sg==,Vw==
RQ==,RA==,Sg==,SQ==,UA==
RA==,Qw==,SQ==,SA==,UA==
Qw==,Qg==,SA==,Vw==,UA==
Qg==,QQ==,Vw==,Vg==,UA==
QQ==,QA==,Vg==,VQ==,UA==
QA==,Tw==,VQ==,VA==,UA==
Tw==,Tg==,VA==,Uw==,UA==
Tg==,TQ==,Uw==,Ug==,UA==
TQ==,TA==,Ug==,UQ==,UA==
Rg==,TA==,Sw==,UQ==,UA==
Rg==,RQ==,Sw==,Sg==,UA==
RQ==,Qw==,Sg==,SA==,UA==
RA==,Qg==,SQ==,Vw==,UA==
Qw==,QQ==,SA==,Vg==,UA==
Qg==,QA==,Vw==,VQ==,UA==
QQ==,Tw==,Vg==,VA==,UA==
QA==,Tg==,VQ==,Uw==,UA==
Tw==,TQ==,VA==,Ug==,UA==
Tg==,TA==,Uw==,UQ==,UA==
Rg==,TQ==,Sw==,Ug==,UA==
RQ==,TA==,Sg==,UQ==,UA==
Rg==,RA==,Sw==,SQ==,UA==
RQ==,Qg==,Sg==,Vw==,UA==
RA==,QQ==,SQ==,Vg==,UA==
Qw==,QA==,SA==,VQ==,UA==
Qg==,Tw==,Vw==,VA==,UA==
QQ==,Tg==,Vg==,Uw==,UA==
QA==,TQ==,VQ==,Ug==,UA==
Tw==,TA==,VA==,UQ==,UA==
Rg==,Tg==,Sw==,Uw==,UA==
RQ==,TQ==,Sg==,Ug==,UA==
RA==,TA==,SQ==,UQ==,UA==
Rg==,Qw==,Sw==,SA==,UA==
RQ==,QQ==,Sg==,Vg==,UA==
RA==,QA==,SQ==,VQ==,UA==
Qw==,Tw==,SA==,VA==,UA==
Qg==,Tg==,Vw==,Uw==,UA==
QQ==,TQ==,Vg==,Ug==,UA==
QA==,TA==,VQ==,UQ==,UA==
Rg==,Tw==,Sw==,VA==,UA==
RQ==,Tg==,Sg==,Uw==,UA==
RA==,TQ==,SQ==,Ug==,UA==
Qw==,TA==,SA==,UQ==,UA==
Rg==,Qg==,Sw==,Vw==,UA==
RQ==,QA==,Sg==,VQ==,UA==
RA==,Tw==,SQ==,VA==,UA==
Qw==,Tg==,SA==,Uw==,UA==
Qg==,TQ==,Vw==,Ug==,UA==
QQ==,TA==,Vg==,UQ==,UA==
Rg==,QA==,Sw==,VQ==,UA==
RQ==,Tw==,Sg==,VA==,UA==
RA==,Tg==,SQ==,Uw==,UA==
Qw==,TQ==,SA==,Ug==,UA==
Qg==,TA==,Vw==,UQ==,UA==
Rg==,QQ==,Sw==,Vg==,UA==
Xw==,Xg==,XQ==,WQ==,Yg==
Xw==,Xg==,XA==,Zg==,YA==
Xw==,Xg==,Ww==,WA==,Zw==
Xw==,Xg==,Wg==,Yw==,bw==
Xw==,Xg==,ZQ==,ZA==,YQ==
Xw==,XQ==,XA==,Wg==,ZA==
Xw==,XQ==,Ww==,Zg==,Yw==
Xw==,XQ==,WA==,ZQ==,YA==
Xw==,XQ==,Zw==,YQ==,bw==
Xw==,XA==,Ww==,Yg==,YQ==
Xw==,XA==,WQ==,WA==,bw==
Xw==,XA==,Zw==,ZQ==,Yw==
Xw==,Ww==,Wg==,WQ==,ZQ==
Xw==,Ww==,ZA==,YA==,bw==
Xw==,Wg==,WA==,Zg==,YQ==
Xw==,Wg==,Zw==,Yg==,YA==
Xw==,WQ==,Zw==,Zg==,ZA==
Xw==,WQ==,Yw==,YQ==,YA==
Xw==,WA==,ZA==,Yw==,Yg==
Xw==,Zg==,ZQ==,Yg==,bw==
Xg==,XQ==,XA==,WA==,YQ==
Xg==,XQ==,Ww==,ZQ==,bw==
Xg==,XQ==,Wg==,Zw==,Zg==
Xg==,XQ==,ZA==,Yw==,YA==
Xg==,XA==,Ww==,WQ==,Yw==
Xg==,XA==,Wg==,ZQ==,Yg==
Xg==,XA==,Zw==,ZA==,bw==
Xg==,Ww==,Wg==,YQ==,YA==
Xg==,Ww==,Zg==,ZA==,Yg==
Xg==,Wg==,WQ==,WA==,ZA==
Xg==,WQ==,Zw==,ZQ==,YA==
Xg==,WQ==,Zg==,YQ==,bw==
Xg==,WA==,Zg==,ZQ==,Yw==
Xg==,WA==,Yg==,YA==,bw==
Xg==,Zw==,Yw==,Yg==,YQ==
XQ==,XA==,Ww==,Zw==,YA==
XQ==,XA==,WQ==,Zg==,ZQ==
XQ==,XA==,Yw==,Yg==,bw==
XQ==,Ww==,Wg==,WA==,Yg==
XQ==,Ww==,WQ==,ZA==,YQ==
XQ==,Wg==,WQ==,YA==,bw==
XQ==,Wg==,ZQ==,Yw==,YQ==
XQ==,WQ==,WA==,Zw==,Yw==
XQ==,WA==,Zg==,ZA==,bw==
XQ==,Zw==,ZQ==,ZA==,Yg==
XQ==,Zg==,Yg==,YQ==,YA==
XA==,Ww==,Wg==,Zg==,bw==
XA==,Ww==,WA==,ZQ==,ZA==
XA==,Wg==,WQ==,Zw==,YQ==
XA==,Wg==,WA==,Yw==,YA==
XA==,WQ==,ZA==,Yg==,YA==
XA==,WA==,Zw==,Zg==,Yg==
XA==,Zg==,ZA==,Yw==,YQ==
XA==,ZQ==,YQ==,YA==,bw==
Ww==,Wg==,Zw==,ZA==,Yw==
Ww==,WQ==,WA==,Zg==,YA==
Ww==,WQ==,Zw==,Yg==,bw==
Ww==,WA==,Yw==,YQ==,bw==
Ww==,Zw==,Zg==,ZQ==,YQ==
Ww==,ZQ==,Yw==,Yg==,YA==
Wg==,WQ==,Zg==,Yw==,Yg==
Wg==,WA==,Zw==,ZQ==,bw==
Wg==,Zg==,ZQ==,ZA==,YA==
Wg==,ZA==,Yg==,YQ==,bw==
WQ==,WA==,ZQ==,Yg==,YQ==
WQ==,ZQ==,ZA==,Yw==,bw==
WA==,Zw==,ZA==,YQ==,YA==
Zw==,Zg==,Yw==,YA==,bw==
