Rg==,RQ==,RA==,Qw==
Rg==,RQ==,RA==,Qg==
Rg==,RQ==,RA==,QQ==
Rg==,RQ==,RA==,QA==
Rg==,RQ==,RA==,Tw==
Rg==,RQ==,RA==,Tg==
Rg==,RQ==,Qw==,Qg==
Rg==,RQ==,Qw==,QQ==
Rg==,RQ==,Qw==,QA==
Rg==,RQ==,Qw==,Tw==
Rg==,RQ==,Qw==,Tg==
Rg==,RQ==,Qg==,QQ==
Rg==,RQ==,Qg==,QA==
Rg==,RQ==,Qg==,Tw==
Rg==,RQ==,Qg==,Tg==
Rg==,RQ==,QQ==,QA==
Rg==,RQ==,QQ==,Tw==
Rg==,RQ==,QQ==,Tg==
Rg==,RQ==,QA==,Tw==
Rg==,RQ==,QA==,Tg==
Rg==,RQ==,Tw==,Tg==
Rg==,RA==,Qw==,Qg==
Rg==,RA==,Qw==,QQ==
Rg==,RA==,Qw==,QA==
Rg==,RA==,Qw==,Tw==
Rg==,RA==,Qw==,Tg==
Rg==,RA==,Qg==,QQ==
Rg==,RA==,Qg==,QA==
Rg==,RA==,Qg==,Tw==
Rg==,RA==,Qg==,Tg==
Rg==,RA==,QQ==,QA==
Rg==,RA==,QQ==,Tw==
Rg==,RA==,QQ==,Tg==
Rg==,RA==,QA==,Tw==
Rg==,RA==,QA==,Tg==
Rg==,RA==,Tw==,Tg==
Rg==,Qw==,Qg==,QQ==
Rg==,Qw==,Qg==,QA==
Rg==,Qw==,Qg==,Tw==
Rg==,Qw==,Qg==,Tg==
Rg==,Qw==,QQ==,QA==
Rg==,Qw==,QQ==,Tw==
Rg==,Qw==,QQ==,Tg==
Rg==,Qw==,QA==,Tw==
Rg==,Qw==,QA==,Tg==
Rg==,Qw==,Tw==,Tg==
Rg==,Qg==,QQ==,QA==
Rg==,Qg==,QQ==,Tw==
Rg==,Qg==,QQ==,Tg==
Rg==,Qg==,QA==,Tw==
Rg==,Qg==,QA==,Tg==
Rg==,Qg==,Tw==,Tg==
Rg==,QQ==,QA==,Tw==
Rg==,QQ==,QA==,Tg==
Rg==,QQ==,Tw==,Tg==
Rg==,QA==,Tw==,Tg==
RQ==,RA==,Qw==,Qg==
RQ==,RA==,Qw==,QQ==
RQ==,RA==,Qw==,QA==
RQ==,RA==,Qw==,Tw==
RQ==,RA==,Qw==,Tg==
RQ==,RA==,Qg==,QQ==
RQ==,RA==,Qg==,QA==
RQ==,RA==,Qg==,Tw==
RQ==,RA==,Qg==,Tg==
RQ==,RA==,QQ==,QA==
RQ==,RA==,QQ==,Tw==
RQ==,RA==,QQ==,Tg==
RQ==,RA==,QA==,Tw==
RQ==,RA==,QA==,Tg==
RQ==,RA==,Tw==,Tg==
RQ==,Qw==,Qg==,QQ==
RQ==,Qw==,Qg==,QA==
RQ==,Qw==,Qg==,Tw==
RQ==,Qw==,Qg==,Tg==
RQ==,Qw==,QQ==,QA==
RQ==,Qw==,QQ==,Tw==
RQ==,Qw==,QQ==,Tg==
RQ==,Qw==,QA==,Tw==
RQ==,Qw==,QA==,Tg==
RQ==,Qw==,Tw==,Tg==
RQ==,Qg==,QQ==,QA==
RQ==,Qg==,QQ==,Tw==
RQ==,Qg==,QQ==,Tg==
RQ==,Qg==,QA==,Tw==
RQ==,Qg==,QA==,Tg==
RQ==,Qg==,Tw==,Tg==
RQ==,QQ==,QA==,Tw==
RQ==,QQ==,QA==,Tg==
RQ==,QQ==,Tw==,Tg==
RQ==,QA==,Tw==,Tg==
RA==,Qw==,Qg==,QQ==
RA==,Qw==,Qg==,QA==
RA==,Qw==,Qg==,Tw==
RA==,Qw==,Qg==,Tg==
RA==,Qw==,QQ==,QA==
RA==,Qw==,QQ==,Tw==
RA==,Qw==,QQ==,Tg==
RA==,Qw==,QA==,Tw==
RA==,Qw==,QA==,Tg==
RA==,Qw==,Tw==,Tg==
RA==,Qg==,QQ==,QA==
RA==,Qg==,QQ==,Tw==
RA==,Qg==,QQ==,Tg==
RA==,Qg==,QA==,Tw==
RA==,Qg==,QA==,Tg==
RA==,Qg==,Tw==,Tg==
RA==,QQ==,QA==,Tw==
RA==,QQ==,QA==,Tg==
RA==,QQ==,Tw==,Tg==
RA==,QA==,Tw==,Tg==
Qw==,Qg==,QQ==,QA==
Qw==,Qg==,QQ==,Tw==
Qw==,Qg==,QQ==,Tg==
Qw==,Qg==,QA==,Tw==
Qw==,Qg==,QA==,Tg==
Qw==,Qg==,Tw==,Tg==
Qw==,QQ==,QA==,Tw==
Qw==,QQ==,QA==,Tg==
Qw==,QQ==,Tw==,Tg==
Qw==,QA==,Tw==,Tg==
Qg==,QQ==,QA==,Tw==
Qg==,QQ==,QA==,Tg==
Qg==,QQ==,Tw==,Tg==
Qg==,QA==,Tw==,Tg==
QQ==,QA==,Tw==,Tg==
