RQ==,RA==,SQ==,SA==,Ug==
RA==,Sw==,SA==,Uw==,UQ==
Qg==,Sg==,SA==,Xw==,XA==
RA==,SA==,Xw==,XQ==,Ww==
TQ==,Vw==,Vg==,VA==,WQ==
RA==,SQ==,VQ==,UQ==,Wg==
RA==,TA==,SQ==,VA==,Uw==
QA==,UQ==,UA==,Xg==,XA==
QQ==,Tw==,SQ==,Uw==,Xg==
TA==,SA==,VA==,Ug==,XA==
Rg==,Tw==,Xw==,Ww==,WQ==
RA==,Qw==,Sg==,Uw==,XQ==
RQ==,Tg==,Sw==,Vw==,Uw==
Qw==,QQ==,QA==,UQ==,Xw==
Rg==,RA==,QQ==,UA==,Wg==
Qg==,Tg==,SA==,Xg==,XQ==
Qg==,TQ==,SA==,Uw==,Ww==
QA==,TQ==,Sg==,Xw==,Xg==
RQ==,QQ==,TA==,VQ==,Xw==
RA==,Qg==,TA==,Ug==,UA==
RA==,Qw==,QA==,Vw==,Wg==
Rg==,RA==,Tw==,Ug==,XQ==
Rg==,QQ==,SA==,Vg==,Ug==
Tg==,TQ==,Vw==,UA==,XA==
RQ==,QA==,TQ==,SQ==,Ww==
QA==,Sw==,Sg==,Vw==,VQ==
Rg==,RQ==,Qw==,SQ==,Vg==
Qw==,Tw==,Sw==,Vg==,Wg==
Qw==,QQ==,UA==,XQ==,XA==
QA==,Sg==,Uw==,UQ==,Wg==
Qg==,Vg==,Ug==,Xw==,Xg==
QQ==,Sg==,Uw==,XA==,WQ==
Qw==,Qg==,UA==,Xw==,Wg==
RQ==,RA==,Qg==,VQ==,XQ==
Qg==,TA==,Sg==,VQ==,VA==
Tw==,VA==,UQ==,XA==,WQ==
RQ==,Tg==,Vg==,Xw==,Wg==
QQ==,SQ==,Vg==,UA==,WQ==
Qw==,Qg==,VQ==,Uw==,Ug==
QQ==,Sw==,Sg==,VA==,Wg==
TA==,Sw==,Vw==,UQ==,Xg==
Uw==,Ug==,UQ==,XA==,Ww==
QQ==,SQ==,Vw==,Ug==,Xw==
QQ==,Tw==,TQ==,Vg==,UQ==
Qw==,Sw==,SQ==,UQ==,UA==
Vg==,VQ==,VA==,UA==,Xg==
RQ==,QA==,VQ==,Uw==,XA==
Rg==,Sw==,Vw==,XQ==,Ww==
RQ==,Tg==,Sg==,VQ==,Xg==
RA==,Tw==,TQ==,SA==,Vw==
RQ==,Qw==,QA==,Tw==,WQ==
Rg==,Tw==,Tg==,Sg==,XA==
Tg==,UQ==,Xw==,Xg==,Ww==
Rg==,RQ==,Sg==,SA==,UA==
QQ==,QA==,Tg==,VA==,WQ==
QA==,SQ==,SA==,Xw==,Wg==
Tg==,Sg==,Vw==,UQ==,WQ==
Rg==,Tg==,SA==,Vw==,VQ==
QQ==,Tw==,Vw==,VQ==,VA==
QQ==,Tg==,Sw==,Vg==,Xg==
Qg==,QA==,SA==,Vw==,Ug==
QQ==,QA==,Sw==,UA==,Ww==
RQ==,Qg==,QQ==,Vw==,UQ==
Rg==,QA==,TA==,Sw==,Uw==
Rg==,SQ==,Xg==,XQ==,WQ==
Qw==,Sg==,SQ==,Ww==,Wg==
TA==,SQ==,SA==,Vg==,XQ==
Rg==,Qw==,Tg==,Uw==,Wg==
RQ==,RA==,Vw==,Xg==,XA==
Qg==,QQ==,TQ==,Xg==,XA==
TQ==,TA==,VQ==,UA==,Wg==
Tg==,Vg==,Uw==,Ww==,WQ==
Sw==,SA==,VQ==,VA==,XQ==
Qg==,SQ==,VA==,UQ==,Xg==
Rg==,Qg==,Sw==,Sg==,SQ==
RQ==,QQ==,TQ==,Ug==,XQ==
RQ==,TA==,Ug==,UQ==,Wg==
Rg==,TQ==,Uw==,UQ==,Xw==
Tw==,SQ==,UA==,Xw==,XQ==
Qg==,QQ==,Ug==,Ww==,Wg==
Qw==,QQ==,Tg==,TA==,Ug==
SA==,VQ==,Uw==,Xg==,Wg==
Qg==,Tg==,SQ==,VQ==,XA==
TQ==,Sg==,SQ==,VQ==,Ug==
Qw==,Sw==,Xg==,Ww==,WQ==
Qw==,Tg==,Vg==,VA==,UQ==
Rg==,Qw==,Sg==,Vw==,Ug==
Rg==,QQ==,TA==,UQ==,XA==
Rg==,Qg==,QA==,Tg==,Xw==
RQ==,Qg==,Sw==,Vg==,WQ==
SA==,VA==,UQ==,UA==,Xw==
QQ==,TA==,SA==,UA==,Xg==
RQ==,Qg==,Tw==,Tg==,Ug==
TQ==,Sg==,Vw==,XQ==,Wg==
Tg==,TA==,SA==,Uw==,Xw==
Sw==,VQ==,Ug==,Xw==,Ww==
TQ==,TA==,Uw==,Xg==,XQ==
RQ==,Tw==,SA==,Xw==,Xg==
QA==,Vg==,XQ==,Wg==,WQ==
RA==,Sg==,SA==,VA==,Xg==
RA==,QA==,Ug==,Xw==,XA==
RA==,Sw==,Vw==,Vg==,Ug==
RA==,Sg==,Vw==,UA==,Xw==
Rg==,RQ==,Sw==,VA==,Xg==
SQ==,VA==,XQ==,XA==,Wg==
RQ==,UA==,Xg==,Wg==,WQ==
Qw==,Tw==,SA==,UA==,Ww==
Tw==,TA==,VQ==,Ug==,WQ==
Rg==,RA==,Qw==,TQ==,Ww==
RA==,VQ==,VA==,Ww==,WQ==
Qw==,VA==,Ug==,Xg==,Wg==
Rg==,Qg==,Uw==,UA==,Xg==
RA==,QQ==,TA==,Vw==,XQ==
RQ==,Qw==,Qg==,TQ==,VA==
QQ==,Tw==,Sg==,Ug==,UA==
RQ==,UA==,Xw==,XA==,Ww==
QA==,Tw==,Vw==,XA==,Ww==
RA==,Qg==,QA==,Xg==,Ww==
Tw==,Vw==,Uw==,UA==,Wg==
Sg==,Vg==,Ug==,UQ==,XQ==
Qg==,Sg==,Vw==,Vg==,Ww==
Qg==,Tw==,TA==,SQ==,Vw==
Tw==,TA==,Sw==,VA==,Ww==
TQ==,Sg==,VA==,UQ==,Ww==
Tg==,VA==,Ug==,UA==,Ww==
Rg==,Qw==,TA==,Xw==,Xg==
RA==,QQ==,TQ==,Sw==,Xw==
Qw==,QQ==,TQ==,SA==,WQ==
Sw==,SQ==,VA==,Xw==,WQ==
Tg==,Sw==,VQ==,UA==,WQ==
Qw==,Qg==,TA==,UQ==,XQ==
RQ==,Qw==,Vw==,Xw==,XQ==
Qg==,Vw==,Uw==,XQ==,XA==
RQ==,Qw==,Uw==,UQ==,Xg==
TA==,SA==,Vw==,Wg==,WQ==
Sw==,SA==,Vg==,UA==,XA==
Sw==,UQ==,Xw==,XA==,Wg==
QA==,Tw==,TQ==,VA==,UA==
SA==,Vg==,UQ==,Ww==,Wg==
RA==,Tg==,Sw==,Sg==,Ww==
TQ==,Sw==,Uw==,Wg==,WQ==
QA==,Tg==,VQ==,XQ==,Ww==
QA==,TQ==,Ug==,UQ==,WQ==
SQ==,Vw==,Vg==,UQ==,XA==
Qw==,QA==,SQ==,Ug==,XQ==
Tw==,Sw==,Sg==,Uw==,Xw==
QA==,Tw==,Tg==,Xg==,Wg==
Tw==,VQ==,Uw==,UQ==,XQ==
RQ==,Vw==,VQ==,Ww==,Wg==
RA==,TQ==,SQ==,XA==,WQ==
Rg==,QA==,Vg==,VA==,Ww==
Rg==,SQ==,SA==,XA==,Ww==
Qw==,QA==,TA==,SA==,VQ==
RA==,QA==,Tg==,TA==,Vg==
Rg==,Sg==,Vg==,VQ==,Xw==
RQ==,Tw==,TA==,Vg==,Uw==
Uw==,Ug==,UA==,XQ==,WQ==
TA==,Vg==,Xg==,XA==,Ww==
QA==,TA==,Sg==,SQ==,WQ==
TQ==,Sg==,Vg==,Uw==,UA==
Tw==,Tg==,Sw==,SQ==,SA==
Rg==,Qg==,Tw==,SA==,Wg==
RQ==,QQ==,SA==,VA==,Uw==
Vw==,Uw==,Xw==,Xg==,WQ==
RQ==,SA==,XQ==,XA==,WQ==
Qw==,TQ==,Vg==,Ug==,XA==
RQ==,QQ==,Sw==,SQ==,XA==
Rg==,Tw==,TQ==,VQ==,Xg==
Rg==,QA==,TQ==,SA==,XQ==
RA==,Qg==,Tw==,Sw==,XA==
RA==,Tw==,VA==,Xw==,Wg==
TA==,Sg==,UA==,XQ==,Ww==
Vg==,VA==,Uw==,Xw==,XQ==
Rg==,VQ==,VA==,Ug==,UQ==
RA==,Tg==,Uw==,Ug==,Xg==
Rg==,RQ==,Tg==,UQ==,XQ==
Qg==,QA==,TA==,XA==,Wg==
Tg==,Sg==,SA==,Ug==,Wg==
Rg==,QQ==,Tg==,TQ==,SQ==
RQ==,SQ==,Vw==,VA==,UA==
RA==,QA==,VA==,UQ==,XQ==
Qw==,Vw==,VQ==,XA==,WQ==
RQ==,Tw==,Sg==,SQ==,UQ==
QQ==,Sg==,SA==,VQ==,Ww==
Qw==,QA==,Sg==,VA==,XA==
Rg==,Sw==,Ug==,XA==,WQ==
Rg==,RQ==,TQ==,XA==,Wg==
TQ==,Sw==,Ug==,UA==,Xg==
Qw==,TQ==,SQ==,Vw==,Xg==
Qg==,Tg==,Vw==,VA==,Wg==
Qg==,VQ==,UQ==,UA==,Ww==
RA==,Qw==,Tg==,SA==,XA==
RQ==,Sg==,Ug==,Xw==,WQ==
QQ==,Tg==,Uw==,UQ==,UA==
Qg==,TQ==,TA==,Xw==,WQ==
Rg==,RA==,Qg==,UQ==,WQ==
QQ==,Tw==,Sw==,XQ==,WQ==
QA==,Tw==,Sg==,SA==,Vg==
Rg==,QQ==,QA==,Vw==,Xg==
RQ==,Qw==,TA==,Sw==,Sg==
RA==,Sg==,Vg==,XA==,Wg==
Rg==,Qw==,QQ==,Sw==,VQ==
Rg==,TA==,Vw==,Vg==,UA==
Qw==,QA==,Tg==,TQ==,Sw==
Qg==,QA==,TQ==,Vg==,VQ==
TQ==,SA==,VQ==,UQ==,XA==
RQ==,RA==,Vg==,UQ==,UA==
QQ==,Xw==,Xg==,XQ==,Wg==
Qw==,SA==,Vw==,Vg==,Uw==
RA==,QQ==,Vg==,VQ==,Uw==
RA==,Tw==,SQ==,Vg==,Ww==
RA==,Qw==,Vg==,Xw==,WQ==
Tg==,TA==,Sw==,XQ==,Wg==
SQ==,Vg==,Uw==,Ug==,Wg==
QQ==,VQ==,UQ==,Xg==,WQ==
QQ==,SQ==,UQ==,XQ==,Ww==
Qw==,Qg==,Tw==,Sg==,Xg==
Qw==,Tw==,Tg==,VQ==,Xw==
Rg==,Qg==,QQ==,VA==,XQ==
Rg==,RQ==,Qg==,TA==,Ww==
QA==,TA==,Vw==,VA==,Xw==
RA==,QA==,SA==,UA==,WQ==
RQ==,RA==,QQ==,QA==,Sg==
Qw==,TA==,VA==,UA==,WQ==
VQ==,Ug==,Xg==,XQ==,XA==
RQ==,Qg==,SQ==,Uw==,Xw==
Tw==,Vw==,Vg==,Xg==,XQ==
TQ==,TA==,Vw==,Ug==,Ww==
Rg==,QA==,SQ==,VQ==,UA==
Tg==,TQ==,VQ==,VA==,Uw==
