Rg==,RQ==,Qg==,QA==,Tg==,TQ==
RA==,Qw==,TA==,Sw==,SQ==,SA==
QQ==,Sg==,Vg==,VQ==,Uw==,Ug==
Tw==,Vw==,VA==,Xg==,XQ==,Ww==
UQ==,Xw==,XA==,Wg==,WA==,Zw==
UA==,WQ==,ZQ==,ZA==,YQ==,bw==
Zg==,Yg==,YA==,bA==,ag==,aQ==
RA==,Qg==,QQ==,Yw==,bg==,bQ==
Rg==,RQ==,Tw==,TA==,Sw==,aw==
Qw==,QA==,Tg==,Sg==,SQ==,Vw==
TQ==,SA==,VA==,Ug==,UA==,Xw==
Vg==,Uw==,UQ==,XA==,Ww==,WQ==
VQ==,Xg==,WA==,Zg==,ZQ==,Yw==
XQ==,Wg==,ZA==,Yg==,bw==,bg==
RQ==,Zw==,YQ==,bQ==,aw==,aQ==
Rg==,Qw==,QQ==,Tw==,bA==,ag==
Qg==,TQ==,TA==,Sg==,SQ==,YA==
Tg==,Sw==,SA==,Vw==,VQ==,Uw==
RA==,QA==,Vg==,UA==,Xw==,XQ==
VA==,Ug==,Xg==,Wg==,WQ==,Zw==
XA==,Ww==,Zg==,ZA==,Yw==,YQ==
UQ==,ZQ==,YA==,bg==,bA==,aw==
Rg==,RA==,WA==,bw==,ag==,aQ==
Qw==,QA==,Tw==,TQ==,Yg==,bQ==
RQ==,Qg==,QQ==,TA==,SA==,Vw==
Tg==,Sw==,Sg==,Vg==,VA==,UQ==
SQ==,VQ==,Ug==,UA==,XQ==,XA==
Uw==,Xw==,Ww==,Wg==,Zg==,ZQ==
Xg==,Zw==,Yw==,Yg==,YA==,bw==
WQ==,WA==,ZA==,bQ==,aw==,ag==
Qw==,Qg==,YQ==,bg==,bA==,aQ==
RQ==,RA==,QQ==,QA==,TQ==,Sw==
Rg==,Tw==,SQ==,SA==,Vg==,VQ==
Tg==,TA==,VA==,Uw==,UQ==,UA==
Sg==,Vw==,Xw==,Xg==,XA==,WQ==
Ug==,XQ==,Ww==,WA==,Zw==,ZQ==
Wg==,Zg==,YQ==,YA==,bg==,bQ==
Rg==,RQ==,ZA==,Yw==,bA==,aQ==
RA==,Qg==,Tw==,Yg==,bw==,aw==
QQ==,Tg==,TQ==,Sw==,SQ==,ag==
Qw==,QA==,TA==,Vw==,VQ==,VA==
Sg==,SA==,UQ==,UA==,Xg==,XQ==
Vg==,Uw==,Ug==,XA==,Wg==,WA==
Xw==,WQ==,Zw==,Zg==,Yw==,Yg==
Ww==,ZQ==,YA==,bw==,bQ==,bA==
RQ==,Qw==,ZA==,bg==,aw==,ag==
RA==,QQ==,Tw==,Tg==,YQ==,aQ==
Rg==,Qg==,QA==,Sw==,Sg==,SA==
TQ==,TA==,Vw==,Vg==,Ug==,UQ==
SQ==,VA==,Uw==,Xw==,Xg==,Ww==
VQ==,UA==,XA==,Wg==,Zw==,ZQ==
XQ==,WQ==,WA==,Yw==,YQ==,YA==
Zg==,ZA==,bw==,bQ==,aw==,aQ==
RQ==,RA==,Qg==,Yg==,bA==,ag==
Rg==,QQ==,QA==,Tg==,TA==,bg==
Qw==,Tw==,TQ==,Sg==,Vg==,VQ==
Sw==,SQ==,Vw==,Ug==,UQ==,Xw==
SA==,VA==,Uw==,XQ==,Wg==,WQ==
UA==,Xg==,Ww==,WA==,Zg==,ZA==
XA==,ZQ==,Yw==,Yg==,bg==,bQ==
Rg==,Zw==,YQ==,YA==,aw==,ag==
RQ==,QA==,Tw==,bw==,bA==,aQ==
RA==,Qw==,QQ==,TQ==,Sg==,SQ==
Qg==,Sw==,Vw==,Vg==,VA==,Uw==
Tg==,TA==,VQ==,Ug==,Xw==,XQ==
SA==,UQ==,UA==,Ww==,WQ==,Zw==
Xg==,Wg==,ZQ==,ZA==,Yg==,YQ==
XA==,WA==,Zg==,bw==,bA==,aw==
Rg==,RA==,Qw==,Yw==,YA==,bQ==
QA==,Tw==,TQ==,bg==,ag==,aQ==
RQ==,Qg==,QQ==,Tg==,Sg==,SQ==
TA==,Sw==,VQ==,VA==,Ug==,UQ==
SA==,Vg==,Xw==,Xg==,XA==,Ww==
Vw==,Uw==,UA==,XQ==,Zw==,Zg==
WQ==,WA==,ZQ==,ZA==,Yg==,YA==
Wg==,Yw==,YQ==,bw==,bA==,ag==
Rg==,Qw==,QQ==,bg==,aw==,aQ==
RA==,Tw==,Tg==,TA==,Sw==,bQ==
RQ==,Qg==,QA==,SQ==,Vg==,VQ==
TQ==,Sg==,Vw==,Uw==,UA==,Xw==
SA==,Ug==,UQ==,XQ==,Ww==,Wg==
VA==,XA==,WA==,Zw==,ZA==,Yw==
Xg==,WQ==,Zg==,YQ==,bw==,bg==
Rg==,RQ==,ZQ==,Yg==,bQ==,ag==
RA==,QQ==,QA==,YA==,bA==,aw==
Qw==,Qg==,Tg==,TQ==,Sw==,aQ==
Tw==,TA==,Sg==,SA==,VA==,Uw==
SQ==,Vw==,Vg==,UQ==,Xg==,XQ==
VQ==,UA==,Xw==,Ww==,Wg==,WA==
Ug==,XA==,WQ==,Zg==,Yg==,YQ==
Zw==,ZQ==,Yw==,bw==,bg==,aw==
RQ==,Qw==,ZA==,YA==,bQ==,bA==
RA==,Qg==,QA==,Tg==,ag==,aQ==
Rg==,QQ==,Tw==,TQ==,SA==,Vw==
TA==,Sg==,SQ==,VQ==,Uw==,UQ==
Sw==,Vg==,Ug==,UA==,Xg==,XA==
VA==,Xw==,XQ==,WA==,Zg==,ZQ==
Ww==,Wg==,Zw==,ZA==,YA==,bw==
WQ==,Yw==,Yg==,bA==,aw==,aQ==
Rg==,Qg==,QQ==,YQ==,bQ==,ag==
